TotalCapacity,AverageSatisfactionProbability,AverageFailureProbability,AverageRevenue
12,0.13703734,0.86296326,67.750336
24,0.27792653,0.722074,101.12344
36,0.4159187,0.5840816,123.539024
48,0.55693835,0.443061,140.24896
60,0.6950763,0.3049227,153.37234
72,0.7168631,0.28313655,153.81766
84,0.72981745,0.27018234,153.40208
96,0.7380841,0.26191595,153.63727
108,0.7430081,0.25699213,153.46115
120,0.74550056,0.2544999,153.79138
