TotalCapacity,AverageSatisfactionProbability,AverageFailureProbability,AverageRevenue
12,0.10314299,0.8968543,30.653597
24,0.20622405,0.7937763,61.389374
36,0.3092375,0.69076514,92.0031
48,0.41291928,0.58708084,122.85182
60,0.515444,0.48455605,153.40892
72,0.514893,0.4851066,153.65717
84,0.5126662,0.48733473,153.54178
96,0.51151496,0.48848456,153.51611
108,0.5105775,0.48942262,153.63762
120,0.50992846,0.49007148,153.44298
