TotalCapacity,AverageSatisfactionProbability,AverageFailureProbability,AverageRevenue
12,0.11141448,0.8885844,67.826035
24,0.22314201,0.7768585,101.37743
36,0.3359197,0.66407967,123.73225
48,0.4478666,0.55213356,140.36206
60,0.56507295,0.4349275,153.67413
72,0.5844141,0.41558746,153.6902
84,0.5954589,0.40454227,153.4829
96,0.6053531,0.39464706,153.7296
108,0.6087559,0.3912437,153.76408
120,0.611254,0.38874662,153.39832
