TotalCapacity,AverageSatisfactionProbability,AverageFailureProbability,AverageRevenue
12,0.122350626,0.87764925,30.736063
24,0.2443092,0.75569034,61.529675
36,0.36666313,0.6333391,91.997955
48,0.48867008,0.5113297,122.6542
60,0.6102712,0.38972855,153.46782
72,0.60705507,0.3929463,153.46893
84,0.6047378,0.39526293,153.60724
96,0.60225195,0.3977465,153.65582
108,0.6016969,0.3983028,153.51918
120,0.60044056,0.39956057,153.4125
