TotalCapacity,AverageSatisfactionProbability,AverageFailureProbability,AverageRevenue
12,0.11303483,0.88696516,67.803085
24,0.23255381,0.7674455,101.65675
36,0.36048126,0.6395176,123.713326
48,0.49643648,0.5035635,140.1359
60,0.6495501,0.3504504,153.58606
72,0.68170315,0.31829882,153.60115
84,0.6973142,0.3026845,153.73912
96,0.7131092,0.28688934,153.42986
108,0.72128665,0.27871445,153.73474
120,0.7267271,0.27327183,153.43423
